type_vehicle,idx_vehicle,id_item,x_origin,y_origin,z_origin,orient
V6,0,I0187,0.0,0.0,0.0,0
V6,0,I0649,1600.0,0.0,0.0,0
V6,0,I0513,0.0,1200.0,0.0,0
V6,0,I0526,1200.0,1200.0,0.0,0
V6,1,I0164,0.0,0.0,0.0,0
V6,1,I0219,1600.0,0.0,0.0,0
V6,1,I0002,0.0,1200.0,0.0,0
V6,2,I0419,0.0,0.0,0.0,0
V6,2,I1183,1600.0,0.0,0.0,0
V6,2,I0085,0.0,1200.0,0.0,0
V6,3,I0005,0.0,0.0,0.0,0
V6,3,I0016,1600.0,0.0,0.0,0
V6,3,I0238,0.0,1200.0,0.0,0
V6,4,I0022,0.0,0.0,0.0,0
V6,4,I0043,1600.0,0.0,0.0,0
V6,4,I0242,0.0,1200.0,0.0,0
V6,5,I0050,0.0,0.0,0.0,0
V6,5,I0051,1600.0,0.0,0.0,0
V6,5,I0259,0.0,1200.0,0.0,0
V6,6,I0060,0.0,0.0,0.0,0
V6,6,I0064,1600.0,0.0,0.0,0
V6,6,I0260,0.0,1200.0,0.0,0
V6,7,I0065,0.0,0.0,0.0,0
V6,7,I0075,1200.0,0.0,0.0,1
V6,7,I0084,2400.0,0.0,0.0,1
V6,8,I0091,0.0,0.0,0.0,0
V6,8,I0098,1600.0,0.0,0.0,0
V6,8,I0282,0.0,1200.0,0.0,0
V6,9,I0129,0.0,0.0,0.0,0
V6,9,I0146,1600.0,0.0,0.0,0
V6,9,I0431,0.0,1200.0,0.0,0
V6,10,I0173,0.0,0.0,0.0,0
V6,10,I0186,1200.0,0.0,0.0,1
V6,10,I0201,2400.0,0.0,0.0,1
V6,11,I0207,0.0,0.0,0.0,0
V6,11,I0211,1600.0,0.0,0.0,0
V6,11,I0605,0.0,1200.0,0.0,0
V6,12,I0214,0.0,0.0,0.0,0
V6,12,I0228,1600.0,0.0,0.0,0
V6,12,I0635,0.0,1200.0,0.0,0
V6,13,I0241,0.0,0.0,0.0,0
V6,13,I0268,1600.0,0.0,0.0,0
V6,13,I0796,0.0,1200.0,0.0,0
V6,14,I0293,0.0,0.0,0.0,0
V6,14,I0295,1600.0,0.0,0.0,0
V6,14,I0813,0.0,1200.0,0.0,0
V6,15,I0312,0.0,0.0,0.0,0
V6,15,I0318,1600.0,0.0,0.0,0
V6,15,I0383,2800.0,0.0,0.0,1
V6,15,I0747,0.0,1200.0,0.0,0
V6,16,I0404,0.0,0.0,0.0,0
V6,16,I0420,1600.0,0.0,0.0,0
V6,16,I1137,0.0,1200.0,0.0,0
V6,17,I0430,0.0,0.0,0.0,0
V6,17,I0437,1600.0,0.0,0.0,0
V6,17,I1175,0.0,1200.0,0.0,0
V6,18,I0442,0.0,0.0,0.0,0
V6,18,I0452,1600.0,0.0,0.0,0
V6,18,I1226,0.0,1200.0,0.0,0
V6,19,I0462,0.0,0.0,0.0,0
V6,19,I0465,1600.0,0.0,0.0,0
V6,19,I0547,0.0,1200.0,0.0,0
V6,19,I0555,1200.0,1200.0,0.0,0
V6,20,I0475,0.0,0.0,0.0,0
V6,20,I0491,1600.0,0.0,0.0,0
V6,20,I0622,0.0,1200.0,0.0,0
V6,20,I0624,1200.0,1200.0,0.0,0
V6,21,I0506,0.0,0.0,0.0,0
V6,21,I0518,1600.0,0.0,0.0,0
V6,21,I0674,0.0,1200.0,0.0,0
V6,21,I0679,1200.0,1200.0,0.0,0
V6,22,I0519,0.0,0.0,0.0,0
V6,22,I0520,1600.0,0.0,0.0,0
V6,22,I0688,0.0,1200.0,0.0,0
V6,22,I0723,1200.0,1200.0,0.0,0
V6,23,I0554,0.0,0.0,0.0,0
V6,23,I0561,1600.0,0.0,0.0,0
V6,23,I0728,0.0,1200.0,0.0,0
V6,23,I0731,1200.0,1200.0,0.0,0
V6,24,I0566,0.0,0.0,0.0,0
V6,24,I0571,1600.0,0.0,0.0,0
V6,24,I0803,0.0,1200.0,0.0,0
V6,24,I0810,1200.0,1200.0,0.0,0
V6,25,I0589,0.0,0.0,0.0,0
V6,25,I0636,1600.0,0.0,0.0,0
V6,25,I0839,0.0,1200.0,0.0,0
V6,25,I0879,1200.0,1200.0,0.0,0
V6,26,I0638,0.0,0.0,0.0,0
V6,26,I0642,1600.0,0.0,0.0,0
V6,26,I0900,0.0,1200.0,0.0,0
V6,26,I0942,1200.0,1200.0,0.0,0
V6,27,I0657,0.0,0.0,0.0,0
V6,27,I0699,1600.0,0.0,0.0,0
V6,27,I1002,0.0,1200.0,0.0,0
V6,27,I1018,1200.0,1200.0,0.0,0
V6,28,I0701,0.0,0.0,0.0,0
V6,28,I0706,1600.0,0.0,0.0,0
V6,28,I1022,0.0,1200.0,0.0,0
V6,28,I1067,1200.0,1200.0,0.0,0
V6,29,I0707,0.0,0.0,0.0,0
V6,29,I0708,1600.0,0.0,0.0,0
V6,29,I1121,0.0,1200.0,0.0,0
V6,29,I1215,1200.0,1200.0,0.0,0
V6,30,I0714,0.0,0.0,0.0,0
V6,30,I0730,1200.0,0.0,0.0,1
V6,30,I0733,2400.0,0.0,0.0,1
V6,31,I0777,0.0,0.0,0.0,0
V6,31,I0788,1600.0,0.0,0.0,0
V6,31,I1252,0.0,1200.0,0.0,0
V6,31,I1266,1200.0,1200.0,0.0,0
V6,32,I0794,0.0,0.0,0.0,0
V6,32,I0795,1200.0,0.0,0.0,1
V6,32,I0818,2400.0,0.0,0.0,1
V6,33,I0827,0.0,0.0,0.0,0
V6,33,I0837,1600.0,0.0,0.0,0
V6,33,I0125,0.0,1200.0,0.0,0
V6,33,I0135,1200.0,1200.0,0.0,0
V6,34,I0859,0.0,0.0,0.0,0
V6,34,I0878,1600.0,0.0,0.0,0
V6,34,I0342,0.0,1200.0,0.0,0
V6,34,I0477,1200.0,1200.0,0.0,0
V6,35,I0891,0.0,0.0,0.0,0
V6,35,I0906,1600.0,0.0,0.0,0
V6,35,I0583,0.0,1200.0,0.0,0
V6,35,I0821,1200.0,1200.0,0.0,0
V6,36,I0937,0.0,0.0,0.0,0
V6,36,I0941,1600.0,0.0,0.0,0
V6,36,I1001,0.0,1200.0,0.0,0
V6,36,I1059,1200.0,1200.0,0.0,0
V6,37,I0945,0.0,0.0,0.0,0
V6,37,I0993,1600.0,0.0,0.0,0
V6,37,I1202,0.0,1200.0,0.0,0
V6,37,I0690,1200.0,1200.0,0.0,0
V6,38,I1026,0.0,0.0,0.0,0
V6,38,I1028,1600.0,0.0,0.0,0
V6,38,I0964,0.0,1200.0,0.0,0
V6,39,I1035,0.0,0.0,0.0,0
V6,39,I1036,1600.0,0.0,0.0,0
V6,39,I0181,0.0,1200.0,0.0,0
V6,39,I0271,780.0,1200.0,0.0,0
V6,40,I1038,0.0,0.0,0.0,0
V6,40,I1060,1600.0,0.0,0.0,0
V6,40,I0319,0.0,1200.0,0.0,0
V6,40,I0370,780.0,1200.0,0.0,0
V6,41,I1061,0.0,0.0,0.0,0
V6,41,I1080,1600.0,0.0,0.0,0
V6,41,I0542,0.0,1200.0,0.0,0
V6,41,I0544,780.0,1200.0,0.0,0
V6,42,I1106,0.0,0.0,0.0,0
V6,42,I1117,1600.0,0.0,0.0,0
V6,42,I0632,0.0,1200.0,0.0,0
V6,42,I0877,780.0,1200.0,0.0,0
V6,43,I1157,0.0,0.0,0.0,0
V6,43,I1162,1600.0,0.0,0.0,0
V6,43,I0893,0.0,1200.0,0.0,0
V6,43,I0917,780.0,1200.0,0.0,0
V6,44,I1164,0.0,0.0,0.0,0
V6,44,I1173,1600.0,0.0,0.0,0
V6,44,I0935,0.0,1200.0,0.0,0
V6,44,I0966,780.0,1200.0,0.0,0
V6,45,I1181,0.0,0.0,0.0,0
V6,45,I1188,1600.0,0.0,0.0,0
V6,45,I0982,0.0,1200.0,0.0,0
V6,45,I0986,780.0,1200.0,0.0,0
V6,46,I1197,0.0,0.0,0.0,0
V6,46,I1198,1600.0,0.0,0.0,0
V6,46,I0996,0.0,1200.0,0.0,0
V6,46,I1027,780.0,1200.0,0.0,0
V6,47,I1203,0.0,0.0,0.0,0
V6,47,I1209,1600.0,0.0,0.0,0
V6,47,I1066,0.0,1200.0,0.0,0
V6,47,I1145,780.0,1200.0,0.0,0
V6,48,I1210,0.0,0.0,0.0,0
V6,48,I1214,1600.0,0.0,0.0,0
V6,48,I1167,0.0,1200.0,0.0,0
V6,48,I1246,780.0,1200.0,0.0,0
V6,49,I1221,0.0,0.0,0.0,0
V6,49,I1227,1600.0,0.0,0.0,0
V6,49,I1236,2800.0,0.0,0.0,1
V6,49,I0854,0.0,1200.0,0.0,0
V6,50,I1267,0.0,0.0,0.0,0
V6,50,I1269,1600.0,0.0,0.0,0
V6,50,I0093,0.0,1200.0,0.0,0
V6,50,I0408,780.0,1200.0,0.0,0
V6,51,I1274,0.0,0.0,0.0,0
V6,51,I1276,1600.0,0.0,0.0,0
V6,51,I0553,0.0,1200.0,0.0,0
V6,51,I0597,780.0,1200.0,0.0,0
V6,52,I0021,0.0,0.0,0.0,0
V6,52,I0035,1600.0,0.0,0.0,0
V6,52,I0737,0.0,1200.0,0.0,2
V6,53,I0036,0.0,0.0,0.0,0
V6,53,I0044,1600.0,0.0,0.0,0
V6,53,I1159,0.0,1200.0,0.0,2
V6,54,I0074,0.0,0.0,0.0,0
V6,54,I0103,1600.0,0.0,0.0,0
V6,54,I1232,0.0,1200.0,0.0,2
V6,55,I0128,0.0,0.0,0.0,0
V6,55,I0131,1600.0,0.0,0.0,0
V6,55,I0471,0.0,1200.0,0.0,0
V6,56,I0137,0.0,0.0,0.0,0
V6,56,I0160,1600.0,0.0,0.0,0
V6,56,I0097,0.0,1200.0,0.0,0
V6,57,I0163,0.0,0.0,0.0,0
V6,57,I0168,1600.0,0.0,0.0,0
V6,57,I0652,0.0,1200.0,0.0,0
V6,58,I0182,0.0,0.0,0.0,0
V6,58,I0199,1600.0,0.0,0.0,0
V6,58,I0772,0.0,1200.0,0.0,0
V6,59,I0204,0.0,0.0,0.0,0
V6,59,I0216,1600.0,0.0,0.0,0
V6,59,I0116,0.0,1200.0,0.0,0
V6,60,I0217,0.0,0.0,0.0,0
V6,60,I0232,1600.0,0.0,0.0,0
V6,60,I0301,0.0,1200.0,0.0,0
V6,61,I0233,0.0,0.0,0.0,0
V6,61,I0236,1600.0,0.0,0.0,0
V6,61,I0310,0.0,1200.0,0.0,0
V6,62,I0246,0.0,0.0,0.0,0
V6,62,I0247,1600.0,0.0,0.0,0
V6,62,I0749,0.0,1200.0,0.0,0
V6,63,I0250,0.0,0.0,0.0,0
V6,63,I0256,1600.0,0.0,0.0,0
V6,63,I0842,0.0,1200.0,0.0,0
V6,64,I0285,0.0,0.0,0.0,0
V6,64,I0287,1600.0,0.0,0.0,0
V6,64,I1105,0.0,1200.0,0.0,0
V6,65,I0291,0.0,0.0,0.0,0
V6,65,I0315,1600.0,0.0,0.0,0
V6,65,I1255,0.0,1200.0,0.0,0
V6,66,I0323,0.0,0.0,0.0,0
V6,66,I0333,1600.0,0.0,0.0,0
V6,66,I0361,0.0,1200.0,0.0,0
V6,67,I0341,0.0,0.0,0.0,0
V6,67,I0348,1600.0,0.0,0.0,0
V6,67,I0369,0.0,1200.0,0.0,0
V6,68,I0371,0.0,0.0,0.0,0
V6,68,I0375,1600.0,0.0,0.0,0
V6,68,I0735,0.0,1200.0,0.0,0
V6,69,I0378,0.0,0.0,0.0,0
V6,69,I0380,1600.0,0.0,0.0,0
V6,69,I1040,0.0,1200.0,0.0,0
V6,70,I0403,0.0,0.0,0.0,0
V6,70,I0409,1600.0,0.0,0.0,0
V6,70,I1078,0.0,1200.0,0.0,0
V6,71,I0418,0.0,0.0,0.0,0
V6,71,I0422,1600.0,0.0,0.0,0
V6,71,I0646,0.0,1200.0,0.0,0
V6,71,I0703,780.0,1200.0,0.0,0
V6,72,I0445,0.0,0.0,0.0,0
V6,72,I0451,1600.0,0.0,0.0,0
V6,72,I0812,0.0,1200.0,0.0,0
V6,72,I1064,780.0,1200.0,0.0,0
V6,73,I0484,0.0,0.0,0.0,0
V6,73,I0509,1600.0,0.0,0.0,0
V6,73,I1107,0.0,1200.0,0.0,0
V6,73,I1156,780.0,1200.0,0.0,0
V6,74,I0516,0.0,0.0,0.0,0
V6,74,I0517,1600.0,0.0,0.0,0
V6,74,I1163,0.0,1200.0,0.0,0
V6,74,I0105,780.0,1200.0,0.0,0
V6,75,I0521,0.0,0.0,0.0,0
V6,75,I0543,1600.0,0.0,0.0,0
V6,75,I0179,0.0,1200.0,0.0,0
V6,75,I0275,780.0,1200.0,0.0,0
V6,76,I0556,0.0,0.0,0.0,0
V6,76,I0560,1600.0,0.0,0.0,0
V6,76,I0367,0.0,1200.0,0.0,0
V6,76,I0488,780.0,1200.0,0.0,0
V6,77,I0612,0.0,0.0,0.0,0
V6,77,I0618,1600.0,0.0,0.0,0
V6,77,I0512,0.0,1200.0,0.0,0
V6,77,I0530,780.0,1200.0,0.0,0
V6,78,I0621,0.0,0.0,0.0,0
V6,78,I0629,1600.0,0.0,0.0,0
V6,78,I0595,0.0,1200.0,0.0,0
V6,78,I0742,780.0,1200.0,0.0,0
V6,79,I0630,0.0,0.0,0.0,0
V6,79,I0668,1600.0,0.0,0.0,0
V6,79,I0765,0.0,1200.0,0.0,0
V6,79,I0876,780.0,1200.0,0.0,0
V6,80,I0677,0.0,0.0,0.0,0
V6,80,I0689,1600.0,0.0,0.0,0
V6,80,I1087,0.0,1200.0,0.0,0
V6,80,I1093,780.0,1200.0,0.0,0
V6,81,I0697,0.0,0.0,0.0,0
V6,81,I0702,1600.0,0.0,0.0,0
V6,81,I0721,0.0,1200.0,0.0,0
V6,81,I0947,780.0,1200.0,0.0,0
V6,82,I0717,0.0,0.0,0.0,0
V6,82,I0722,1600.0,0.0,0.0,0
V6,82,I0990,0.0,1200.0,0.0,0
V6,82,I0070,780.0,1200.0,0.0,0
V6,83,I0727,0.0,0.0,0.0,0
V6,83,I0758,1600.0,0.0,0.0,0
V6,83,I0077,0.0,1200.0,0.0,0
V6,83,I0101,780.0,1200.0,0.0,0
V6,84,I0761,0.0,0.0,0.0,0
V6,84,I0767,1600.0,0.0,0.0,0
V6,84,I0121,0.0,1200.0,0.0,0
V6,84,I0127,780.0,1200.0,0.0,0
V6,85,I0785,0.0,0.0,0.0,0
V6,85,I0797,1600.0,0.0,0.0,0
V6,85,I0174,0.0,1200.0,0.0,0
V6,85,I0220,780.0,1200.0,0.0,0
V6,86,I0802,0.0,0.0,0.0,0
V6,86,I0816,1600.0,0.0,0.0,0
V6,86,I0240,0.0,1200.0,0.0,0
V6,86,I0300,780.0,1200.0,0.0,0
V6,87,I0823,0.0,0.0,0.0,0
V6,87,I0831,1600.0,0.0,0.0,0
V6,87,I0331,0.0,1200.0,0.0,0
V6,87,I0344,780.0,1200.0,0.0,0
V6,88,I0849,0.0,0.0,0.0,0
V6,88,I0851,1600.0,0.0,0.0,0
V6,88,I0387,0.0,1200.0,0.0,0
V6,88,I0427,780.0,1200.0,0.0,0
V6,89,I0861,0.0,0.0,0.0,0
V6,89,I0864,1600.0,0.0,0.0,0
V6,89,I0448,0.0,1200.0,0.0,0
V6,89,I0490,780.0,1200.0,0.0,0
V6,90,I0872,0.0,0.0,0.0,0
V6,90,I0885,1600.0,0.0,0.0,0
V6,90,I0527,0.0,1200.0,0.0,0
V6,90,I0582,780.0,1200.0,0.0,0
V6,91,I0904,0.0,0.0,0.0,0
V6,91,I0911,1600.0,0.0,0.0,0
V6,91,I0681,0.0,1200.0,0.0,0
V6,91,I0691,780.0,1200.0,0.0,0
V6,92,I0916,0.0,0.0,0.0,0
V6,92,I0920,1600.0,0.0,0.0,0
V6,92,I0692,0.0,1200.0,0.0,0
V6,92,I0762,780.0,1200.0,0.0,0
V6,93,I0928,0.0,0.0,0.0,0
V6,93,I0930,1600.0,0.0,0.0,0
V6,93,I0836,0.0,1200.0,0.0,0
V6,93,I0844,780.0,1200.0,0.0,0
V6,94,I0944,0.0,0.0,0.0,0
V6,94,I0948,1600.0,0.0,0.0,0
V6,94,I0867,0.0,1200.0,0.0,0
V6,94,I0919,780.0,1200.0,0.0,0
V6,95,I0955,0.0,0.0,0.0,0
V6,95,I0969,1600.0,0.0,0.0,0
V6,95,I0929,0.0,1200.0,0.0,0
V6,95,I0977,780.0,1200.0,0.0,0
V6,96,I1016,0.0,0.0,0.0,0
V6,96,I1020,1600.0,0.0,0.0,0
V6,96,I0983,0.0,1200.0,0.0,0
V6,96,I1004,780.0,1200.0,0.0,0
V6,97,I1034,0.0,0.0,0.0,0
V6,97,I1045,1600.0,0.0,0.0,0
V6,97,I1057,0.0,1200.0,0.0,0
V6,97,I1128,780.0,1200.0,0.0,0
V6,98,I1050,0.0,0.0,0.0,0
V6,98,I1051,1600.0,0.0,0.0,0
V6,98,I1194,0.0,1200.0,0.0,0
V6,98,I1213,780.0,1200.0,0.0,0
V6,99,I1052,0.0,0.0,0.0,0
V6,99,I1068,1600.0,0.0,0.0,0
V6,99,I1219,0.0,1200.0,0.0,0
V6,99,I1237,780.0,1200.0,0.0,0
V6,100,I1073,0.0,0.0,0.0,0
V6,100,I1076,1600.0,0.0,0.0,0
V6,100,I1293,0.0,1200.0,0.0,0
V6,100,I0010,780.0,1200.0,0.0,0
V6,101,I1082,0.0,0.0,0.0,0
V6,101,I1085,1600.0,0.0,0.0,0
V6,101,I0290,0.0,1200.0,0.0,0
V6,101,I0366,780.0,1200.0,0.0,0
V6,102,I1094,0.0,0.0,0.0,0
V6,102,I1099,1600.0,0.0,0.0,0
V6,102,I0429,0.0,1200.0,0.0,0
V6,102,I0494,780.0,1200.0,0.0,0
V6,103,I1113,0.0,0.0,0.0,0
V6,103,I1118,1600.0,0.0,0.0,0
V6,103,I0609,0.0,1200.0,0.0,0
V6,103,I0869,780.0,1200.0,0.0,0
V6,104,I1130,0.0,0.0,0.0,0
V6,104,I1148,1600.0,0.0,0.0,0
V6,104,I0913,0.0,1200.0,0.0,0
V6,104,I0177,780.0,1200.0,0.0,0
V6,105,I1170,0.0,0.0,0.0,0
V6,105,I1179,1600.0,0.0,0.0,0
V6,105,I0435,0.0,1200.0,0.0,0
V6,105,I0454,780.0,1200.0,0.0,0
V6,106,I1180,0.0,0.0,0.0,0
V6,106,I1191,1600.0,0.0,0.0,0
V6,106,I0514,0.0,1200.0,0.0,0
V6,106,I0539,780.0,1200.0,0.0,0
V6,107,I1218,0.0,0.0,0.0,0
V6,107,I1223,1600.0,0.0,0.0,0
V6,107,I1228,2800.0,0.0,0.0,1
V6,107,I1007,0.0,1200.0,0.0,0
V6,108,I1243,0.0,0.0,0.0,0
V6,108,I1285,1600.0,0.0,0.0,0
V6,108,I0604,0.0,1200.0,0.0,0
V6,108,I0725,780.0,1200.0,0.0,0
V6,109,I1291,0.0,0.0,0.0,0
V6,109,I1294,1600.0,0.0,0.0,0
V6,109,I0763,0.0,1200.0,0.0,0
V6,109,I0768,780.0,1200.0,0.0,0
V6,110,I1296,0.0,0.0,0.0,0
V6,110,I1297,1600.0,0.0,0.0,0
V6,110,I0946,0.0,1200.0,0.0,0
V6,110,I0992,780.0,1200.0,0.0,0
V6,111,I0000,0.0,0.0,0.0,0
V6,111,I0059,1600.0,0.0,0.0,0
V6,111,I0998,0.0,1200.0,0.0,0
V6,111,I1024,780.0,1200.0,0.0,0
V6,112,I0111,0.0,0.0,0.0,0
V6,112,I0149,1600.0,0.0,0.0,0
V6,112,I1119,0.0,1200.0,0.0,0
V6,112,I1192,780.0,1200.0,0.0,0
V6,113,I0176,0.0,0.0,0.0,0
V6,113,I0191,1600.0,0.0,0.0,0
V6,113,I0381,2800.0,0.0,0.0,0
V6,113,I0617,0.0,1200.0,0.0,0
V6,114,I0393,0.0,0.0,0.0,0
V6,114,I0463,1600.0,0.0,0.0,0
V6,114,I1275,0.0,1200.0,0.0,0
V6,114,I1292,780.0,1200.0,0.0,0
V6,115,I0482,0.0,0.0,0.0,0
V6,115,I0522,1600.0,0.0,0.0,0
V6,115,I0023,0.0,1200.0,0.0,0
V6,115,I0140,780.0,1200.0,0.0,0
V6,116,I0528,0.0,0.0,0.0,0
V6,116,I0562,1600.0,0.0,0.0,0
V6,116,I0251,0.0,1200.0,0.0,0
V6,116,I0273,780.0,1200.0,0.0,0
V6,117,I0580,0.0,0.0,0.0,0
V6,117,I0590,1600.0,0.0,0.0,0
V6,117,I0292,0.0,1200.0,0.0,0
V6,117,I0458,780.0,1200.0,0.0,0
V6,118,I0615,0.0,0.0,0.0,0
V6,118,I0634,1600.0,0.0,0.0,0
V6,118,I0492,0.0,1200.0,0.0,0
V6,118,I0548,780.0,1200.0,0.0,0
V6,119,I0647,0.0,0.0,0.0,0
V6,119,I0959,1600.0,0.0,0.0,0
V6,119,I0610,0.0,1200.0,0.0,0
V6,119,I0666,780.0,1200.0,0.0,0
V6,120,I1086,0.0,0.0,0.0,0
V6,120,I1169,1600.0,0.0,0.0,0
V6,120,I0800,0.0,1200.0,0.0,0
V6,120,I0887,780.0,1200.0,0.0,0
V6,121,I1195,0.0,0.0,0.0,0
V6,121,I1200,1600.0,0.0,0.0,0
V6,121,I0957,0.0,1200.0,0.0,0
V6,121,I1030,780.0,1200.0,0.0,0
V6,122,I1220,0.0,0.0,0.0,0
V6,122,I1240,1600.0,0.0,0.0,0
V6,122,I1182,0.0,1200.0,0.0,0
V6,122,I1184,780.0,1200.0,0.0,0
V6,123,I0001,0.0,0.0,0.0,0
V6,123,I0003,1400.0,0.0,0.0,0
V6,123,I0006,2800.0,0.0,0.0,1
V6,123,I0811,0.0,1200.0,0.0,0
V6,123,I0048,1200.0,1200.0,0.0,0
V6,124,I0007,0.0,0.0,0.0,0
V6,124,I0008,1400.0,0.0,0.0,0
V6,124,I0017,2800.0,0.0,0.0,1
V6,124,I1149,0.0,1200.0,0.0,0
V6,124,I0109,1200.0,1200.0,0.0,0
V6,125,I0015,0.0,0.0,0.0,0
V6,125,I0019,1400.0,0.0,0.0,0
V6,125,I0029,2800.0,0.0,0.0,1
V6,125,I1270,0.0,1200.0,0.0,0
V6,125,I0150,1200.0,1200.0,0.0,0
V6,126,I0027,0.0,0.0,0.0,0
V6,126,I0033,1400.0,0.0,0.0,0
V6,126,I0042,2800.0,0.0,0.0,1
V6,126,I0914,0.0,1200.0,0.0,0
V6,126,I1110,1200.0,1200.0,0.0,0
V6,127,I0038,0.0,0.0,0.0,0
V6,127,I0039,1400.0,0.0,0.0,0
V6,127,I0047,2800.0,0.0,0.0,1
V6,127,I1251,0.0,1200.0,0.0,0
V6,127,I0276,1200.0,1200.0,0.0,0
V6,128,I0040,0.0,0.0,0.0,0
V6,128,I0041,1400.0,0.0,0.0,0
V6,128,I0062,2800.0,0.0,0.0,1
V6,128,I0321,0.0,1200.0,0.0,0
V6,128,I0455,1200.0,1200.0,0.0,0
V6,129,I0056,0.0,0.0,0.0,0
V6,129,I0058,1400.0,0.0,0.0,0
V6,129,I0068,2800.0,0.0,0.0,1
V6,129,I0613,0.0,1200.0,0.0,0
V6,129,I0962,1200.0,1200.0,0.0,0
V6,130,I0061,0.0,0.0,0.0,0
V6,130,I0063,1400.0,0.0,0.0,0
V6,130,I0094,2800.0,0.0,0.0,1
V6,130,I1096,0.0,1200.0,0.0,0
V6,130,I1217,1200.0,1200.0,0.0,0
V6,131,I0071,0.0,0.0,0.0,0
V6,131,I0072,1400.0,0.0,0.0,0
V6,131,I0118,2800.0,0.0,0.0,1
V6,131,I0079,0.0,1200.0,0.0,0
V6,131,I0402,1200.0,1200.0,0.0,0
V6,132,I0073,0.0,0.0,0.0,0
V6,132,I0086,1400.0,0.0,0.0,0
V6,132,I0153,2800.0,0.0,0.0,1
V6,132,I0313,0.0,1200.0,0.0,0
V6,132,I1199,1200.0,1200.0,0.0,0
V6,133,I0089,0.0,0.0,0.0,0
V6,133,I0090,1400.0,0.0,0.0,0
V6,133,I0175,2800.0,0.0,0.0,0
V6,133,I0343,0.0,1200.0,0.0,0
V6,133,I0215,1200.0,1200.0,0.0,0
V6,134,I0099,0.0,0.0,0.0,0
V6,134,I0102,1400.0,0.0,0.0,0
V6,134,I0183,2800.0,0.0,0.0,0
V6,134,I0822,0.0,1200.0,0.0,0
V6,134,I1150,1200.0,1200.0,0.0,0
V6,135,I0107,0.0,0.0,0.0,0
V6,135,I0113,1400.0,0.0,0.0,0
V6,135,I0205,2800.0,0.0,0.0,1
V6,135,I0606,0.0,1200.0,0.0,0
V6,135,I0069,1200.0,1200.0,0.0,0
V6,136,I0115,0.0,0.0,0.0,0
V6,136,I0117,1400.0,0.0,0.0,0
V6,136,I0302,2800.0,0.0,0.0,1
V6,136,I0684,0.0,1200.0,0.0,0
V6,136,I0252,1200.0,1200.0,0.0,0
V6,137,I0120,0.0,0.0,0.0,0
V6,137,I0122,1400.0,0.0,0.0,0
V6,137,I0316,2800.0,0.0,0.0,1
V6,137,I0359,0.0,1200.0,0.0,0
V6,137,I0311,1200.0,1200.0,0.0,0
V6,138,I0132,0.0,0.0,0.0,0
V6,138,I0134,1400.0,0.0,0.0,0
V6,138,I0322,2800.0,0.0,0.0,1
V6,138,I0510,0.0,1200.0,0.0,0
V6,138,I0405,1200.0,1200.0,0.0,0
V6,139,I0139,0.0,0.0,0.0,0
V6,139,I0143,1400.0,0.0,0.0,0
V6,139,I0337,2800.0,0.0,0.0,1
V6,139,I0626,0.0,1200.0,0.0,0
V6,139,I0411,1200.0,1200.0,0.0,0
V6,140,I0147,0.0,0.0,0.0,0
V6,140,I0148,1400.0,0.0,0.0,0
V6,140,I0340,2800.0,0.0,0.0,1
V6,140,I0828,0.0,1200.0,0.0,0
V6,140,I0447,1200.0,1200.0,0.0,0
V6,141,I0152,0.0,0.0,0.0,0
V6,141,I0154,1400.0,0.0,0.0,0
V6,141,I0351,2800.0,0.0,0.0,1
V6,141,I0838,0.0,1200.0,0.0,0
V6,141,I0600,1200.0,1200.0,0.0,0
V6,142,I0155,0.0,0.0,0.0,0
V6,142,I0162,1400.0,0.0,0.0,0
V6,142,I0368,2800.0,0.0,0.0,1
V6,142,I0989,0.0,1200.0,0.0,0
V6,142,I0603,1200.0,1200.0,0.0,0
V6,143,I0169,0.0,0.0,0.0,0
V6,143,I0189,1400.0,0.0,0.0,0
V6,143,I0372,2800.0,0.0,0.0,1
V6,143,I1042,0.0,1200.0,0.0,0
V6,143,I0793,1200.0,1200.0,0.0,0
V6,144,I0195,0.0,0.0,0.0,0
V6,144,I0210,1400.0,0.0,0.0,0
V6,144,I0388,2800.0,0.0,0.0,1
V6,144,I1071,0.0,1200.0,0.0,0
V6,144,I0817,1200.0,1200.0,0.0,0
V6,145,I0213,0.0,0.0,0.0,0
V6,145,I0224,1400.0,0.0,0.0,0
V6,145,I0395,2800.0,0.0,0.0,1
V6,145,I1109,0.0,1200.0,0.0,0
V6,145,I0903,1200.0,1200.0,0.0,0
V6,146,I0227,0.0,0.0,0.0,0
V6,146,I0229,1400.0,0.0,0.0,0
V6,146,I0396,2800.0,0.0,0.0,1
V6,146,I1256,0.0,1200.0,0.0,0
V6,146,I0970,1200.0,1200.0,0.0,0
V6,147,I0234,0.0,0.0,0.0,0
V6,147,I0235,1400.0,0.0,0.0,0
V6,147,I0423,2800.0,0.0,0.0,1
V6,147,I0329,0.0,1200.0,0.0,0
V6,147,I0953,1200.0,1200.0,0.0,0
V6,148,I0239,0.0,0.0,0.0,0
V6,148,I0248,1400.0,0.0,0.0,0
V6,148,I0434,2800.0,0.0,0.0,1
V6,148,I0922,0.0,1200.0,0.0,0
V6,148,I1143,1200.0,1200.0,0.0,0
V6,149,I0249,0.0,0.0,0.0,0
V6,149,I0258,1400.0,0.0,0.0,0
V6,149,I0436,2800.0,0.0,0.0,1
V6,149,I0013,0.0,1200.0,0.0,0
V6,149,I0078,1200.0,1200.0,0.0,0
V6,150,I0264,0.0,0.0,0.0,0
V6,150,I0265,1400.0,0.0,0.0,0
V6,150,I0441,2800.0,0.0,0.0,1
V6,150,I0014,0.0,1200.0,0.0,0
V6,150,I0108,1200.0,1200.0,0.0,0
V6,151,I0280,0.0,0.0,0.0,0
V6,151,I0294,1400.0,0.0,0.0,0
V6,151,I0450,2800.0,0.0,0.0,1
V6,151,I0034,0.0,1200.0,0.0,0
V6,151,I0330,1200.0,1200.0,0.0,0
V6,152,I0296,0.0,0.0,0.0,0
V6,152,I0299,1400.0,0.0,0.0,0
V6,152,I0453,2800.0,0.0,0.0,1
V6,152,I0045,0.0,1200.0,0.0,0
V6,152,I0358,1200.0,1200.0,0.0,0
V6,153,I0303,0.0,0.0,0.0,0
V6,153,I0304,1400.0,0.0,0.0,0
V6,153,I0486,2800.0,0.0,0.0,1
V6,153,I0052,0.0,1200.0,0.0,0
V6,153,I0392,1200.0,1200.0,0.0,0
V6,154,I0306,0.0,0.0,0.0,0
V6,154,I0320,1400.0,0.0,0.0,0
V6,154,I0497,2800.0,0.0,0.0,1
V6,154,I0057,0.0,1200.0,0.0,0
V6,154,I0483,1200.0,1200.0,0.0,0
V6,155,I0328,0.0,0.0,0.0,0
V6,155,I0332,1400.0,0.0,0.0,0
V6,155,I0502,2800.0,0.0,0.0,1
V6,155,I0066,0.0,1200.0,0.0,0
V6,155,I0897,1200.0,1200.0,0.0,0
V6,156,I0334,0.0,0.0,0.0,0
V6,156,I0345,1400.0,0.0,0.0,0
V6,156,I0511,2800.0,0.0,0.0,1
V6,156,I0167,0.0,1200.0,0.0,0
V6,156,I1205,1200.0,1200.0,0.0,0
V6,157,I0346,0.0,0.0,0.0,0
V6,157,I0347,1400.0,0.0,0.0,0
V6,157,I0545,2800.0,0.0,0.0,1
V6,157,I0178,0.0,1200.0,0.0,0
V6,157,I1261,1200.0,1200.0,0.0,0
V6,158,I0350,0.0,0.0,0.0,0
V6,158,I0356,1400.0,0.0,0.0,0
V6,158,I0588,2800.0,0.0,0.0,1
V6,158,I0180,0.0,1200.0,0.0,0
V6,158,I0011,1200.0,1200.0,0.0,0
V6,159,I0360,0.0,0.0,0.0,0
V6,159,I0362,1400.0,0.0,0.0,0
V6,159,I0601,2800.0,0.0,0.0,1
V6,159,I0206,0.0,1200.0,0.0,0
V6,159,I0172,1200.0,1200.0,0.0,0
V6,160,I0364,0.0,0.0,0.0,0
V6,160,I0365,1400.0,0.0,0.0,0
V6,160,I0628,2800.0,0.0,0.0,1
V6,160,I0208,0.0,1200.0,0.0,0
V6,160,I0192,1200.0,1200.0,0.0,0
V6,161,I0373,0.0,0.0,0.0,0
V6,161,I0379,1400.0,0.0,0.0,0
V6,161,I0662,2800.0,0.0,0.0,1
V6,161,I0324,0.0,1200.0,0.0,0
V6,161,I0230,1200.0,1200.0,0.0,0
V6,162,I0386,0.0,0.0,0.0,0
V6,162,I0397,1400.0,0.0,0.0,0
V6,162,I0693,2800.0,0.0,0.0,1
V6,162,I0384,0.0,1200.0,0.0,0
V6,162,I0460,1200.0,1200.0,0.0,0
V6,163,I0401,0.0,0.0,0.0,0
V6,163,I0410,1400.0,0.0,0.0,0
V6,163,I0711,2800.0,0.0,0.0,1
V6,163,I0421,0.0,1200.0,0.0,0
V6,163,I0489,1200.0,1200.0,0.0,0
V6,164,I0424,0.0,0.0,0.0,0
V6,164,I0438,1400.0,0.0,0.0,0
V6,164,I0712,2800.0,0.0,0.0,1
V6,164,I0425,0.0,1200.0,0.0,0
V6,164,I0536,1200.0,1200.0,0.0,0
V6,165,I0439,0.0,0.0,0.0,0
V6,165,I0444,1400.0,0.0,0.0,0
V6,165,I0446,2600.0,0.0,0.0,0
V6,165,I0501,0.0,1200.0,0.0,0
V6,166,I0449,0.0,0.0,0.0,0
V6,166,I0456,1400.0,0.0,0.0,0
V6,166,I0716,2800.0,0.0,0.0,1
V6,166,I0433,0.0,1200.0,0.0,0
V6,166,I0552,1200.0,1200.0,0.0,0
V6,167,I0459,0.0,0.0,0.0,0
V6,167,I0461,1400.0,0.0,0.0,0
V6,167,I0719,2800.0,0.0,0.0,1
V6,167,I0466,0.0,1200.0,0.0,0
V6,167,I0596,1200.0,1200.0,0.0,0
V6,168,I0468,0.0,0.0,0.0,0
V6,168,I0470,1400.0,0.0,0.0,0
V6,168,I0746,2800.0,0.0,0.0,1
V6,168,I0532,0.0,1200.0,0.0,0
V6,168,I1047,1200.0,1200.0,0.0,0
V6,169,I0472,0.0,0.0,0.0,0
V6,169,I0473,1400.0,0.0,0.0,0
V6,169,I0750,2800.0,0.0,0.0,1
V6,169,I0567,0.0,1200.0,0.0,0
V6,169,I1127,1200.0,1200.0,0.0,0
V6,170,I0474,0.0,0.0,0.0,0
V6,170,I0481,1400.0,0.0,0.0,0
V6,170,I0751,2800.0,0.0,0.0,1
V6,170,I0599,0.0,1200.0,0.0,0
V6,170,I0032,1200.0,1200.0,0.0,0
V6,171,I0485,0.0,0.0,0.0,0
V6,171,I0500,1400.0,0.0,0.0,0
V6,171,I0753,2800.0,0.0,0.0,1
V6,171,I0656,0.0,1200.0,0.0,0
V6,171,I0054,1200.0,1200.0,0.0,0
V6,172,I0503,0.0,0.0,0.0,0
V6,172,I0505,1400.0,0.0,0.0,0
V6,172,I0784,2800.0,0.0,0.0,1
V6,172,I0695,0.0,1200.0,0.0,0
V6,172,I0257,1200.0,1200.0,0.0,0
V6,173,I0507,0.0,0.0,0.0,0
V6,173,I0515,1400.0,0.0,0.0,0
V6,173,I0805,2800.0,0.0,0.0,1
V6,173,I0715,0.0,1200.0,0.0,0
V6,173,I0288,1200.0,1200.0,0.0,0
V6,174,I0523,0.0,0.0,0.0,0
V6,174,I0524,1400.0,0.0,0.0,0
V6,174,I0829,2800.0,0.0,0.0,1
V6,174,I0734,0.0,1200.0,0.0,0
V6,174,I0440,1200.0,1200.0,0.0,0
V6,175,I0529,0.0,0.0,0.0,0
V6,175,I0531,1400.0,0.0,0.0,0
V6,175,I0834,2800.0,0.0,0.0,1
V6,175,I0755,0.0,1200.0,0.0,0
V6,175,I0478,1200.0,1200.0,0.0,0
V6,176,I0534,0.0,0.0,0.0,0
V6,176,I0535,1400.0,0.0,0.0,0
V6,176,I0840,2800.0,0.0,0.0,1
V6,176,I0776,0.0,1200.0,0.0,0
V6,176,I0774,1200.0,1200.0,0.0,0
V6,177,I0538,0.0,0.0,0.0,0
V6,177,I0540,1400.0,0.0,0.0,0
V6,177,I0860,2800.0,0.0,0.0,1
V6,177,I0799,0.0,1200.0,0.0,0
V6,177,I0875,1200.0,1200.0,0.0,0
V6,178,I0541,0.0,0.0,0.0,0
V6,178,I0551,1400.0,0.0,0.0,0
V6,178,I0881,2800.0,0.0,0.0,1
V6,178,I0808,0.0,1200.0,0.0,0
V6,178,I1019,1200.0,1200.0,0.0,0
V6,179,I0557,0.0,0.0,0.0,0
V6,179,I0558,1400.0,0.0,0.0,0
V6,179,I0894,2800.0,0.0,0.0,1
V6,179,I0862,0.0,1200.0,0.0,0
V6,179,I1238,1200.0,1200.0,0.0,0
V6,180,I0565,0.0,0.0,0.0,0
V6,180,I0573,1400.0,0.0,0.0,0
V6,180,I0896,2800.0,0.0,0.0,1
V6,180,I0908,0.0,1200.0,0.0,0
V6,180,I1272,1200.0,1200.0,0.0,0
V6,181,I0576,0.0,0.0,0.0,0
V6,181,I0579,1400.0,0.0,0.0,0
V6,181,I0927,2800.0,0.0,0.0,1
V6,181,I1025,0.0,1200.0,0.0,0
V6,181,I0262,1200.0,1200.0,0.0,0
V6,182,I0581,0.0,0.0,0.0,0
V6,182,I0587,1400.0,0.0,0.0,0
V6,182,I0949,2800.0,0.0,0.0,1
V6,182,I1029,0.0,1200.0,0.0,0
V6,182,I0327,1200.0,1200.0,0.0,0
V6,183,I0591,0.0,0.0,0.0,0
V6,183,I0593,1400.0,0.0,0.0,0
V6,183,I0967,2800.0,0.0,0.0,1
V6,183,I1033,0.0,1200.0,0.0,0
V6,183,I0464,1200.0,1200.0,0.0,0
V6,184,I0611,0.0,0.0,0.0,0
V6,184,I0614,1400.0,0.0,0.0,0
V6,184,I0968,2800.0,0.0,0.0,1
V6,184,I1097,0.0,1200.0,0.0,0
V6,184,I0479,1200.0,1200.0,0.0,0
V6,185,I0619,0.0,0.0,0.0,0
V6,185,I0625,1400.0,0.0,0.0,0
V6,185,I0975,2800.0,0.0,0.0,1
V6,185,I1098,0.0,1200.0,0.0,0
V6,185,I0508,1200.0,1200.0,0.0,0
V6,186,I0627,0.0,0.0,0.0,0
V6,186,I0631,1400.0,0.0,0.0,0
V6,186,I0985,2800.0,0.0,0.0,1
V6,186,I1100,0.0,1200.0,0.0,0
V6,186,I0607,1200.0,1200.0,0.0,0
V6,187,I0637,0.0,0.0,0.0,0
V6,187,I0640,1400.0,0.0,0.0,0
V6,187,I0991,2800.0,0.0,0.0,1
V6,187,I1111,0.0,1200.0,0.0,0
V6,187,I0665,1200.0,1200.0,0.0,0
V6,188,I0645,0.0,0.0,0.0,0
V6,188,I0648,1400.0,0.0,0.0,0
V6,188,I0994,2800.0,0.0,0.0,1
V6,188,I1129,0.0,1200.0,0.0,0
V6,188,I0667,1200.0,1200.0,0.0,0
V6,189,I0654,0.0,0.0,0.0,0
V6,189,I0655,1400.0,0.0,0.0,0
V6,189,I1005,2800.0,0.0,0.0,1
V6,189,I1133,0.0,1200.0,0.0,0
V6,189,I0678,1200.0,1200.0,0.0,0
V6,190,I0658,0.0,0.0,0.0,0
V6,190,I0660,1400.0,0.0,0.0,0
V6,190,I1010,2800.0,0.0,0.0,1
V6,190,I1139,0.0,1200.0,0.0,0
V6,190,I0680,1200.0,1200.0,0.0,0
V6,191,I0661,0.0,0.0,0.0,0
V6,191,I0663,1400.0,0.0,0.0,0
V6,191,I1049,2800.0,0.0,0.0,1
V6,191,I1144,0.0,1200.0,0.0,0
V6,191,I0687,1200.0,1200.0,0.0,0
V6,192,I0672,0.0,0.0,0.0,0
V6,192,I0675,1400.0,0.0,0.0,0
V6,192,I1069,2800.0,0.0,0.0,1
V6,192,I1153,0.0,1200.0,0.0,0
V6,192,I0704,1200.0,1200.0,0.0,0
V6,193,I0676,0.0,0.0,0.0,0
V6,193,I0683,1400.0,0.0,0.0,0
V6,193,I1070,2800.0,0.0,0.0,1
V6,193,I1277,0.0,1200.0,0.0,0
V6,193,I0718,1200.0,1200.0,0.0,0
V6,194,I0696,0.0,0.0,0.0,0
V6,194,I0698,1400.0,0.0,0.0,0
V6,194,I1088,2800.0,0.0,0.0,1
V6,194,I1289,0.0,1200.0,0.0,0
V6,194,I0863,1200.0,1200.0,0.0,0
V6,195,I0709,0.0,0.0,0.0,0
V6,195,I0720,1400.0,0.0,0.0,0
V6,195,I1123,2800.0,0.0,0.0,1
V6,195,I0221,0.0,1200.0,0.0,0
V6,195,I0633,1200.0,1200.0,0.0,0
V6,196,I0729,0.0,0.0,0.0,0
V6,196,I0739,1400.0,0.0,0.0,0
V6,196,I1147,2800.0,0.0,0.0,1
V6,196,I1021,0.0,1200.0,0.0,0
V6,196,I0225,1200.0,1200.0,0.0,0
V6,197,I0740,0.0,0.0,0.0,0
V6,197,I0741,1400.0,0.0,0.0,0
V6,197,I1160,2800.0,0.0,0.0,1
V6,197,I0307,0.0,1200.0,0.0,0
V6,197,I0984,1200.0,1200.0,0.0,0
V6,198,I0744,0.0,0.0,0.0,0
V6,198,I0748,1400.0,0.0,0.0,0
V6,198,I1186,2800.0,0.0,0.0,1
V6,198,I0024,0.0,1200.0,0.0,0
V6,198,I0025,1200.0,1200.0,0.0,0
V6,199,I0757,0.0,0.0,0.0,0
V6,199,I0759,1400.0,0.0,0.0,0
V6,199,I1190,2800.0,0.0,0.0,1
V6,199,I0126,0.0,1200.0,0.0,0
V6,199,I0136,1200.0,1200.0,0.0,0
V6,200,I0760,0.0,0.0,0.0,0
V6,200,I0764,1400.0,0.0,0.0,0
V6,200,I1208,2800.0,0.0,0.0,1
V6,200,I0443,0.0,1200.0,0.0,0
V6,200,I0537,1200.0,1200.0,0.0,0
V6,201,I0766,0.0,0.0,0.0,0
V6,201,I0773,1400.0,0.0,0.0,0
V6,201,I1235,2800.0,0.0,0.0,1
V6,201,I1206,0.0,1200.0,0.0,0
V6,201,I1225,1200.0,1200.0,0.0,0
V6,202,I0775,0.0,0.0,0.0,0
V6,202,I0778,1400.0,0.0,0.0,0
V6,202,I1253,2800.0,0.0,0.0,1
V6,202,I1288,0.0,1200.0,0.0,0
V6,202,I0846,1200.0,1200.0,0.0,0
V6,203,I0779,0.0,0.0,0.0,0
V6,203,I0780,1400.0,0.0,0.0,0
V6,203,I1258,2800.0,0.0,0.0,1
V6,203,I0868,0.0,1200.0,0.0,0
V6,203,I0925,1200.0,1200.0,0.0,0
V6,204,I0783,0.0,0.0,0.0,0
V6,204,I0787,1400.0,0.0,0.0,0
V6,204,I1260,2800.0,0.0,0.0,1
V6,204,I0939,0.0,1200.0,0.0,0
V6,204,I0965,1200.0,1200.0,0.0,0
V6,205,I0791,0.0,0.0,0.0,0
V6,205,I0798,1400.0,0.0,0.0,0
V6,205,I1271,2800.0,0.0,0.0,1
V6,205,I1062,0.0,1200.0,0.0,0
V6,205,I1102,1200.0,1200.0,0.0,0
V6,206,I0801,0.0,0.0,0.0,0
V6,206,I0804,1400.0,0.0,0.0,0
V6,206,I1281,2800.0,0.0,0.0,1
V6,206,I1201,0.0,1200.0,0.0,0
V6,206,I1248,1200.0,1200.0,0.0,0
V6,207,I0806,0.0,0.0,0.0,0
V6,207,I0814,1400.0,0.0,0.0,0
V6,207,I1283,2800.0,0.0,0.0,1
V6,207,I1268,0.0,1200.0,0.0,0
V6,207,I1299,1200.0,1200.0,0.0,0
V6,208,I0820,0.0,0.0,0.0,0
V6,208,I0826,1400.0,0.0,0.0,0
V6,208,I1284,2800.0,0.0,0.0,1
V6,208,I0222,0.0,1200.0,0.0,0
V6,208,I0196,1200.0,1200.0,0.0,0
V6,209,I0853,0.0,0.0,0.0,0
V6,209,I0855,1400.0,0.0,0.0,0
V6,209,I0037,2800.0,0.0,0.0,1
V6,209,I0031,0.0,1200.0,0.0,0
V6,209,I0705,1200.0,1200.0,0.0,0
V6,210,I0857,0.0,0.0,0.0,0
V6,210,I0858,1400.0,0.0,0.0,0
V6,210,I0080,2800.0,0.0,0.0,1
V6,210,I0087,0.0,1200.0,0.0,0
V6,210,I0852,1200.0,1200.0,0.0,0
V6,211,I0865,0.0,0.0,0.0,0
V6,211,I0866,1400.0,0.0,0.0,0
V6,211,I0081,2800.0,0.0,0.0,1
V6,211,I0209,0.0,1200.0,0.0,0
V6,212,I0870,0.0,0.0,0.0,0
V6,212,I0871,1400.0,0.0,0.0,0
V6,212,I0110,2800.0,0.0,0.0,1
V6,212,I0284,0.0,1200.0,0.0,0
V6,213,I0883,0.0,0.0,0.0,0
V6,213,I0886,1400.0,0.0,0.0,0
V6,213,I0114,2800.0,0.0,0.0,1
V6,213,I0326,0.0,1200.0,0.0,0
V6,214,I0889,0.0,0.0,0.0,0
V6,214,I0892,1400.0,0.0,0.0,0
V6,214,I0123,2800.0,0.0,0.0,1
V6,214,I0352,0.0,1200.0,0.0,0
V6,215,I0910,0.0,0.0,0.0,0
V6,215,I0912,1400.0,0.0,0.0,0
V6,215,I0124,2800.0,0.0,0.0,1
V6,215,I0385,0.0,1200.0,0.0,0
V6,216,I0918,0.0,0.0,0.0,0
V6,216,I0921,1400.0,0.0,0.0,0
V6,216,I0133,2800.0,0.0,0.0,1
V6,216,I0391,0.0,1200.0,0.0,0
V6,217,I0923,0.0,0.0,0.0,0
V6,217,I0924,1400.0,0.0,0.0,0
V6,217,I0158,2800.0,0.0,0.0,1
V6,217,I0559,0.0,1200.0,0.0,0
V6,218,I0926,0.0,0.0,0.0,0
V6,218,I0931,1400.0,0.0,0.0,0
V6,218,I0166,2800.0,0.0,0.0,1
V6,218,I0651,0.0,1200.0,0.0,0
V6,219,I0932,0.0,0.0,0.0,0
V6,219,I0933,1400.0,0.0,0.0,0
V6,219,I0170,2800.0,0.0,0.0,1
V6,219,I0664,0.0,1200.0,0.0,0
V6,220,I0938,0.0,0.0,0.0,0
V6,220,I0943,1400.0,0.0,0.0,0
V6,220,I0200,2800.0,0.0,0.0,1
V6,220,I0671,0.0,1200.0,0.0,0
V6,221,I0950,0.0,0.0,0.0,0
V6,221,I0952,1400.0,0.0,0.0,0
V6,221,I0212,2800.0,0.0,0.0,1
V6,221,I0682,0.0,1200.0,0.0,0
V6,222,I0958,0.0,0.0,0.0,0
V6,222,I0960,1400.0,0.0,0.0,0
V6,222,I0218,2800.0,0.0,0.0,1
V6,222,I0756,0.0,1200.0,0.0,0
V6,223,I0963,0.0,0.0,0.0,0
V6,223,I0971,1400.0,0.0,0.0,0
V6,223,I0226,2800.0,0.0,0.0,1
V6,223,I0807,0.0,1200.0,0.0,0
V6,224,I0973,0.0,0.0,0.0,0
V6,224,I0974,1400.0,0.0,0.0,0
V6,224,I0253,2800.0,0.0,0.0,1
V6,224,I0898,0.0,1200.0,0.0,0
V6,225,I0976,0.0,0.0,0.0,0
V6,225,I0978,1400.0,0.0,0.0,0
V6,225,I0267,2800.0,0.0,0.0,0
V6,225,I0956,0.0,1200.0,0.0,0
V6,226,I0980,0.0,0.0,0.0,0
V6,226,I0981,1400.0,0.0,0.0,0
V6,226,I0270,2800.0,0.0,0.0,1
V6,226,I1006,0.0,1200.0,0.0,0
V6,227,I0987,0.0,0.0,0.0,0
V6,227,I1000,1400.0,0.0,0.0,0
V6,227,I0277,2800.0,0.0,0.0,1
V6,227,I0298,0.0,1200.0,0.0,0
V6,227,I0480,1200.0,1200.0,0.0,0
V6,228,I1003,0.0,0.0,0.0,0
V6,228,I1008,1400.0,0.0,0.0,0
V6,228,I0281,2800.0,0.0,0.0,1
V6,228,I0504,0.0,1200.0,0.0,0
V6,228,I0030,1200.0,1200.0,0.0,0
V6,229,I1011,0.0,0.0,0.0,0
V6,229,I1012,1400.0,0.0,0.0,0
V6,229,I0286,2800.0,0.0,0.0,1
V6,229,I0533,0.0,1200.0,0.0,0
V6,229,I0067,1200.0,1200.0,0.0,0
V6,230,I1013,0.0,0.0,0.0,0
V6,230,I1014,1400.0,0.0,0.0,0
V6,230,I0339,2800.0,0.0,0.0,1
V6,230,I1211,0.0,1200.0,0.0,0
V6,230,I0092,1200.0,1200.0,0.0,0
V6,231,I1023,0.0,0.0,0.0,0
V6,231,I1032,1400.0,0.0,0.0,0
V6,231,I0349,2800.0,0.0,0.0,0
V6,231,I0156,0.0,1200.0,0.0,0
V6,232,I1039,0.0,0.0,0.0,0
V6,232,I1043,1400.0,0.0,0.0,0
V6,232,I0376,2800.0,0.0,0.0,1
V6,232,I0012,0.0,1200.0,0.0,0
V6,232,I0049,1200.0,1200.0,0.0,0
V6,233,I1046,0.0,0.0,0.0,0
V6,233,I1048,1400.0,0.0,0.0,0
V6,233,I0377,2800.0,0.0,0.0,1
V6,233,I0171,0.0,1200.0,0.0,0
V6,233,I1058,1200.0,1200.0,0.0,0
V6,234,I1053,0.0,0.0,0.0,0
V6,234,I1054,1400.0,0.0,0.0,0
V6,234,I0417,2800.0,0.0,0.0,1
V6,234,I0243,0.0,1200.0,0.0,0
V6,234,I0495,1200.0,1200.0,0.0,0
V6,235,I1065,0.0,0.0,0.0,0
V6,235,I1072,1400.0,0.0,0.0,0
V6,235,I0426,2800.0,0.0,0.0,1
V6,235,I0274,0.0,1200.0,0.0,0
V6,235,I0789,1200.0,1200.0,0.0,0
V6,236,I1074,0.0,0.0,0.0,0
V6,236,I1077,1400.0,0.0,0.0,0
V6,236,I0525,2800.0,0.0,0.0,1
V6,236,I0279,0.0,1200.0,0.0,0
V6,236,I0231,1200.0,1200.0,0.0,0
V6,237,I1079,0.0,0.0,0.0,0
V6,237,I1081,1400.0,0.0,0.0,0
V6,237,I0549,2800.0,0.0,0.0,1
V6,237,I0586,0.0,1200.0,0.0,0
V6,237,I0314,1200.0,1200.0,0.0,0
V6,238,I1083,0.0,0.0,0.0,0
V6,238,I1084,1400.0,0.0,0.0,0
V6,238,I0569,2800.0,0.0,0.0,1
V6,238,I0653,0.0,1200.0,0.0,0
V6,238,I0414,1200.0,1200.0,0.0,0
V6,239,I1091,0.0,0.0,0.0,0
V6,239,I1092,1400.0,0.0,0.0,0
V6,239,I0574,2800.0,0.0,0.0,1
V6,239,I0850,0.0,1200.0,0.0,0
V6,239,I0999,1200.0,1200.0,0.0,0
V6,240,I1103,0.0,0.0,0.0,0
V6,240,I1114,1400.0,0.0,0.0,0
V6,240,I0575,2800.0,0.0,0.0,1
V6,240,I1056,0.0,1200.0,0.0,0
V6,240,I1166,1200.0,1200.0,0.0,0
V6,241,I1120,0.0,0.0,0.0,0
V6,241,I1122,1400.0,0.0,0.0,0
V6,241,I0584,2800.0,0.0,0.0,1
V6,241,I0004,0.0,1200.0,0.0,0
V6,242,I1126,0.0,0.0,0.0,0
V6,242,I1131,1400.0,0.0,0.0,0
V6,242,I0616,2800.0,0.0,0.0,1
V6,242,I0130,0.0,1200.0,0.0,0
V6,243,I1134,0.0,0.0,0.0,0
V6,243,I1140,1400.0,0.0,0.0,0
V6,243,I0639,2800.0,0.0,0.0,1
V6,243,I0263,0.0,1200.0,0.0,0
V6,244,I1146,0.0,0.0,0.0,0
V6,244,I1152,1400.0,0.0,0.0,0
V6,244,I0685,2800.0,0.0,0.0,1
V6,244,I0297,0.0,1200.0,0.0,0
V6,245,I1155,0.0,0.0,0.0,0
V6,245,I1165,1400.0,0.0,0.0,0
V6,245,I0700,2800.0,0.0,0.0,1
V6,245,I0308,0.0,1200.0,0.0,0
V6,246,I1168,0.0,0.0,0.0,0
V6,246,I1172,1400.0,0.0,0.0,0
V6,246,I0726,2800.0,0.0,0.0,1
V6,246,I0363,0.0,1200.0,0.0,0
V6,247,I1185,0.0,0.0,0.0,0
V6,247,I1187,1400.0,0.0,0.0,0
V6,247,I0770,2800.0,0.0,0.0,1
V6,247,I1262,0.0,1200.0,0.0,0
V6,248,I1193,0.0,0.0,0.0,0
V6,248,I1196,1400.0,0.0,0.0,0
V6,248,I0781,2800.0,0.0,0.0,1
V6,248,I0608,0.0,1200.0,0.0,0
V6,248,I0095,1200.0,1200.0,0.0,0
V6,249,I1207,0.0,0.0,0.0,0
V6,249,I1212,1400.0,0.0,0.0,0
V6,249,I0782,2800.0,0.0,0.0,1
V6,249,I0694,0.0,1200.0,0.0,0
V6,249,I0096,1200.0,1200.0,0.0,0
V6,250,I1216,0.0,0.0,0.0,0
V6,250,I1222,1400.0,0.0,0.0,0
V6,250,I0809,2800.0,0.0,0.0,1
V6,250,I0550,0.0,1200.0,0.0,0
V6,250,I0564,1200.0,1200.0,0.0,0
V6,251,I1224,0.0,0.0,0.0,0
V6,251,I1229,1400.0,0.0,0.0,0
V6,251,I0832,2800.0,0.0,0.0,1
V6,251,I0724,0.0,1200.0,0.0,0
V6,251,I0100,1200.0,1200.0,0.0,0
V6,252,I1230,0.0,0.0,0.0,0
V6,252,I1234,1400.0,0.0,0.0,0
V6,252,I0835,2800.0,0.0,0.0,1
V6,252,I0142,0.0,1200.0,0.0,0
V6,252,I0151,1200.0,1200.0,0.0,0
V6,253,I1239,0.0,0.0,0.0,0
V6,253,I1242,1400.0,0.0,0.0,0
V6,253,I0841,2800.0,0.0,0.0,1
V6,253,I0272,0.0,1200.0,0.0,0
V6,253,I0278,1200.0,1200.0,0.0,0
V6,254,I1244,0.0,0.0,0.0,0
V6,254,I1245,1400.0,0.0,0.0,0
V6,254,I0847,2800.0,0.0,0.0,1
V6,254,I0309,0.0,1200.0,0.0,0
V6,254,I0325,1200.0,1200.0,0.0,0
V6,255,I1247,0.0,0.0,0.0,0
V6,255,I1249,1400.0,0.0,0.0,0
V6,255,I0856,2800.0,0.0,0.0,1
V6,255,I0335,0.0,1200.0,0.0,0
V6,255,I0336,1200.0,1200.0,0.0,0
V6,256,I1250,0.0,0.0,0.0,0
V6,256,I1254,1400.0,0.0,0.0,0
V6,256,I0880,2800.0,0.0,0.0,1
V6,256,I0353,0.0,1200.0,0.0,0
V6,256,I0374,1200.0,1200.0,0.0,0
V6,257,I1257,0.0,0.0,0.0,0
V6,257,I1259,1400.0,0.0,0.0,0
V6,257,I0882,2800.0,0.0,0.0,1
V6,257,I0382,0.0,1200.0,0.0,0
V6,257,I0415,1200.0,1200.0,0.0,0
V6,258,I1278,0.0,0.0,0.0,0
V6,258,I1282,1400.0,0.0,0.0,0
V6,258,I0888,2800.0,0.0,0.0,1
V6,258,I0428,0.0,1200.0,0.0,0
V6,258,I0487,1200.0,1200.0,0.0,0
V6,259,I0895,0.0,0.0,0.0,0
V6,259,I0901,1400.0,0.0,0.0,0
V6,259,I0936,2800.0,0.0,0.0,1
V6,259,I0076,0.0,1225.0,0.0,0
V6,259,I0190,780.0,1225.0,0.0,0
V6,260,I0954,0.0,0.0,0.0,0
V6,260,I0961,1400.0,0.0,0.0,0
V6,260,I0997,2800.0,0.0,0.0,1
V6,260,I0620,0.0,1225.0,0.0,0
V6,260,I0161,570.0,1225.0,0.0,0
V6,261,I1031,0.0,0.0,0.0,0
V6,261,I1055,1400.0,0.0,0.0,0
V6,261,I1063,2800.0,0.0,0.0,1
V6,261,I0972,0.0,1225.0,0.0,0
V6,261,I0193,780.0,1225.0,0.0,0
V6,262,I1089,0.0,0.0,0.0,0
V6,262,I1090,1400.0,0.0,0.0,0
V6,262,I1101,2800.0,0.0,0.0,1
V6,262,I0641,0.0,1225.0,0.0,0
V6,262,I0354,780.0,1225.0,0.0,0
V6,263,I1108,0.0,0.0,0.0,0
V6,263,I1112,1400.0,0.0,0.0,0
V6,263,I1124,2800.0,0.0,0.0,1
V6,263,I1273,0.0,1225.0,0.0,0
V6,263,I0407,780.0,1225.0,0.0,0
V6,264,I1125,0.0,0.0,0.0,0
V6,264,I1136,1400.0,0.0,0.0,0
V6,264,I1154,2800.0,0.0,0.0,0
V6,264,I0289,0.0,1225.0,0.0,0
V6,264,I0119,780.0,1225.0,0.0,0
V6,265,I1178,0.0,0.0,0.0,0
V6,265,I1279,1400.0,0.0,0.0,0
V6,265,I1280,2800.0,0.0,0.0,1
V6,265,I0112,0.0,1225.0,0.0,0
V6,265,I0157,780.0,1225.0,0.0,0
V6,266,I1290,0.0,0.0,0.0,0
V6,266,I1295,1400.0,0.0,0.0,0
V6,266,I1161,2625.0,0.0,0.0,1
V5,267,I0283,0.0,0.0,0.0,0
V5,267,I0578,1600.0,0.0,0.0,0
V5,268,I0710,0.0,0.0,0.0,0
V5,268,I0873,1600.0,0.0,0.0,0
V5,269,I0951,0.0,0.0,0.0,0
V5,269,I1116,1600.0,0.0,0.0,0
V5,270,I1263,0.0,0.0,0.0,0
V5,270,I0203,1600.0,0.0,0.0,0
V5,270,I0416,0.0,1200.0,0.0,0
V5,270,I0046,1600.0,1200.0,0.0,0
V6,271,I0185,0.0,0.0,0.0,0
V6,271,I0194,1600.0,0.0,0.0,0
V6,272,I0198,0.0,0.0,0.0,0
V6,272,I0237,1600.0,0.0,0.0,0
V6,273,I0245,0.0,0.0,0.0,0
V6,273,I0254,1600.0,0.0,0.0,0
V6,274,I0261,0.0,0.0,0.0,0
V6,274,I0305,1600.0,0.0,0.0,0
V6,275,I0338,0.0,0.0,0.0,0
V6,275,I0389,1600.0,0.0,0.0,0
V6,276,I0394,0.0,0.0,0.0,0
V6,276,I0469,1600.0,0.0,0.0,0
V6,277,I0476,0.0,0.0,0.0,0
V6,277,I0563,1600.0,0.0,0.0,0
V6,278,I0572,0.0,0.0,0.0,0
V6,278,I0592,1600.0,0.0,0.0,0
V6,279,I0602,0.0,0.0,0.0,0
V6,279,I0650,1600.0,0.0,0.0,0
V6,280,I0713,0.0,0.0,0.0,0
V6,280,I0736,1600.0,0.0,0.0,0
V6,281,I0745,0.0,0.0,0.0,0
V6,281,I0752,1600.0,0.0,0.0,0
V6,282,I0771,0.0,0.0,0.0,0
V6,282,I0786,1600.0,0.0,0.0,0
V6,283,I0792,0.0,0.0,0.0,0
V6,283,I0825,1600.0,0.0,0.0,0
V6,284,I0843,0.0,0.0,0.0,0
V6,284,I0848,1600.0,0.0,0.0,0
V6,285,I0884,0.0,0.0,0.0,0
V6,285,I0902,1600.0,0.0,0.0,0
V6,286,I0909,0.0,0.0,0.0,0
V6,286,I0979,1600.0,0.0,0.0,0
V6,287,I1009,0.0,0.0,0.0,0
V6,287,I1044,1600.0,0.0,0.0,0
V6,288,I0018,0.0,0.0,0.0,0
V6,288,I0188,1600.0,0.0,0.0,0
V6,289,I0317,0.0,0.0,0.0,0
V6,289,I0355,1600.0,0.0,0.0,0
V6,290,I0357,0.0,0.0,0.0,0
V6,290,I0432,1600.0,0.0,0.0,0
V6,291,I0457,0.0,0.0,0.0,0
V6,291,I0585,1600.0,0.0,0.0,0
V6,292,I0598,0.0,0.0,0.0,0
V6,292,I0669,1600.0,0.0,0.0,0
V6,293,I0670,0.0,0.0,0.0,0
V6,293,I0743,1600.0,0.0,0.0,0
V6,294,I0754,0.0,0.0,0.0,0
V6,294,I0790,1600.0,0.0,0.0,0
V6,295,I0833,0.0,0.0,0.0,0
V6,295,I0899,1600.0,0.0,0.0,0
V6,296,I0905,0.0,0.0,0.0,0
V6,296,I0934,1600.0,0.0,0.0,0
V6,297,I1104,0.0,0.0,0.0,0
V6,297,I1115,1600.0,0.0,0.0,0
V6,298,I1132,0.0,0.0,0.0,0
V6,298,I0145,1600.0,0.0,0.0,0
V6,299,I0082,0.0,0.0,0.0,0
V6,299,I0088,1600.0,0.0,0.0,0
V6,300,I0197,0.0,0.0,0.0,0
V6,300,I0266,1600.0,0.0,0.0,0
V6,301,I0623,0.0,0.0,0.0,0
V6,301,I0845,1200.0,0.0,0.0,1
V6,301,I0055,2400.0,0.0,0.0,1
V6,302,I0915,0.0,0.0,0.0,0
V6,302,I1135,1600.0,0.0,0.0,0
V6,303,I1138,0.0,0.0,0.0,0
V6,303,I1158,1600.0,0.0,0.0,0
V6,304,I1174,0.0,0.0,0.0,0
V6,304,I0020,1600.0,0.0,0.0,0
V6,305,I0026,0.0,0.0,0.0,0
V6,305,I0053,1600.0,0.0,0.0,0
V6,306,I0184,0.0,0.0,0.0,0
V6,306,I0202,1600.0,0.0,0.0,0
V6,307,I0223,0.0,0.0,0.0,0
V6,307,I0244,1600.0,0.0,0.0,0
V6,308,I0255,0.0,0.0,0.0,0
V6,308,I0398,1600.0,0.0,0.0,0
V6,309,I0400,0.0,0.0,0.0,0
V6,309,I0413,1600.0,0.0,0.0,0
V6,310,I0546,0.0,0.0,0.0,0
V6,310,I0568,1600.0,0.0,0.0,0
V6,311,I0570,0.0,0.0,0.0,0
V6,311,I0594,1600.0,0.0,0.0,0
V6,312,I0643,0.0,0.0,0.0,0
V6,312,I0673,1600.0,0.0,0.0,0
V6,313,I0732,0.0,0.0,0.0,0
V6,313,I0738,1600.0,0.0,0.0,0
V6,314,I0824,0.0,0.0,0.0,0
V6,314,I0830,1600.0,0.0,0.0,0
V6,315,I0890,0.0,0.0,0.0,0
V6,315,I0907,1600.0,0.0,0.0,0
V6,316,I0940,0.0,0.0,0.0,0
V6,316,I1075,1600.0,0.0,0.0,0
V6,317,I1095,0.0,0.0,0.0,0
V6,317,I1141,1600.0,0.0,0.0,0
V6,318,I1177,0.0,0.0,0.0,0
V6,318,I1204,1600.0,0.0,0.0,0
V6,319,I1231,0.0,0.0,0.0,0
V6,319,I1241,1600.0,0.0,0.0,0
V6,320,I1264,0.0,0.0,0.0,0
V6,320,I1265,1600.0,0.0,0.0,0
V6,321,I1287,0.0,0.0,0.0,0
V6,321,I0496,1600.0,0.0,0.0,0
V6,322,I0083,0.0,0.0,0.0,0
V6,322,I0159,1600.0,0.0,0.0,0
V6,322,I0165,2800.0,0.0,0.0,0
V6,322,I0138,0.0,1200.0,0.0,0
V6,323,I0269,0.0,0.0,0.0,0
V6,323,I0390,1600.0,0.0,0.0,0
V6,324,I0412,0.0,0.0,0.0,0
V6,324,I0493,1600.0,0.0,0.0,0
V6,325,I0499,0.0,0.0,0.0,0
V6,325,I0644,1600.0,0.0,0.0,0
V6,326,I0686,0.0,0.0,0.0,0
V6,326,I0874,1600.0,0.0,0.0,0
V6,327,I0995,0.0,0.0,0.0,0
V6,327,I1015,1600.0,0.0,0.0,0
V6,328,I1017,0.0,0.0,0.0,0
V6,328,I1041,1600.0,0.0,0.0,0
V6,329,I1151,0.0,0.0,0.0,0
V6,329,I1286,1600.0,0.0,0.0,0
V6,330,I1298,0.0,0.0,0.0,0
V6,330,I0399,1600.0,0.0,0.0,0
V6,331,I0406,0.0,0.0,0.0,0
V6,331,I0009,1900.0,0.0,0.0,0
V6,332,I0498,0.0,0.0,0.0,0
V6,332,I0028,1900.0,0.0,0.0,0
V6,333,I0659,0.0,0.0,0.0,0
V6,333,I0104,1900.0,0.0,0.0,0
V6,334,I1037,0.0,0.0,0.0,0
V6,334,I0988,1900.0,0.0,0.0,0
V5,335,I1176,0.0,0.0,0.0,0
V5,335,I0106,1200.0,0.0,0.0,1
V5,335,I0144,2400.0,0.0,0.0,1
V5,335,I0577,3600.0,0.0,0.0,1
V6,336,I1171,0.0,0.0,0.0,0
V6,336,I1189,1000.0,0.0,0.0,0
V6,336,I1233,2000.0,0.0,0.0,1
V6,337,I0467,0.0,0.0,0.0,0
V6,337,I0769,1000.0,0.0,0.0,1
V6,337,I0819,2000.0,0.0,0.0,1
V6,337,I0141,3000.0,0.0,0.0,0
V6,338,I0815,0.0,0.0,0.0,0
V6,338,I1142,1000.0,0.0,0.0,0
